nome,sobrenome,email,telefone
Beatriz,Gomes,beatriz.gomes@example.com,(77) 94796-6118
Olivia,Costa,olivia.costa@example.com,(65) 95747-8140
Helena,Carvalho,helena.carvalho@example.com,(80) 91125-9477
Beatriz,Martins,beatriz.martins@example.com,(69) 95244-3595
Mariana,Santana,mariana.santana@example.com,(48) 90891-1121
Eduarda,Moraes,eduarda.moraes@example.com,(59) 96808-6792
Eduarda,Santana,eduarda.santana@example.com,(22) 98846-2246
Tiago,Mendes,tiago.mendes@example.com,(82) 96971-7836
Joana,Mendes,joana.mendes@example.com,(93) 97193-7147
Diego,Monteiro,diego.monteiro@example.com,(47) 98991-6425
Mariana,Moraes,mariana.moraes@example.com,(17) 99117-8092
Paula,Teixeira,paula.teixeira@example.com,(62) 98803-3372
Joana,Costa,joana.costa@example.com,(40) 94236-7700
Joana,Silva,joana.silva@example.com,(15) 96064-6614
Xavier,Gomes,xavier.gomes@example.com,(23) 90090-8921
Olivia,Carvalho,olivia.carvalho@example.com,(58) 91515-1299
Carlos,Rocha,carlos.rocha@example.com,(31) 97027-1720
Sofia,Monteiro,sofia.monteiro@example.com,(17) 90600-9517
Sofia,Santana,sofia.santana@example.com,(30) 92881-8843
Igor,Mendes,igor.mendes@example.com,(39) 92341-3878
Igor,Cunha,igor.cunha@example.com,(86) 99823-5287
Lucas,Ribeiro,lucas.ribeiro@example.com,(93) 93051-7092
Diego,Silva,diego.silva@example.com,(68) 90146-7700
Mariana,Rocha,mariana.rocha@example.com,(30) 97003-4815
Diego,Pereira,diego.pereira@example.com,(66) 99789-7309
Carlos,Almeida,carlos.almeida@example.com,(67) 96666-4364
Nicolas,Ferreira,nicolas.ferreira@example.com,(28) 92440-5529
Lucas,Lima,lucas.lima@example.com,(83) 91444-3576
Paula,Ferreira,paula.ferreira@example.com,(93) 97322-3524
Lucas,Ribeiro,lucas.ribeiro@example.com,(12) 98918-4980
Vitoria,Lima,vitoria.lima@example.com,(96) 90713-6770
Carlos,Ribeiro,carlos.ribeiro@example.com,(23) 98289-5337
Lucas,Oliveira,lucas.oliveira@example.com,(94) 94270-6365
Joana,Carvalho,joana.carvalho@example.com,(82) 96227-8558
Vitoria,Ferreira,vitoria.ferreira@example.com,(40) 98576-2075
Carlos,Lima,carlos.lima@example.com,(98) 98040-5848
Lucas,Araujo,lucas.araujo@example.com,(83) 90726-8858
Rafael,Lima,rafael.lima@example.com,(10) 99618-2865
Carlos,Gomes,carlos.gomes@example.com,(95) 92457-2594
Vitoria,Cunha,vitoria.cunha@example.com,(52) 98427-1130
Gustavo,Shaikoski,shaikoski.gustavo@gmail.com,984543993
Lucas,Gelenski,nicolas.souza@example.com,(15) 90045-4280
Mariana,Teixeira,mariana.teixeira@example.com,(78) 99866-7131
Fernanda,Carvalho,fernanda.carvalho@example.com,(57) 91809-6639
Beatriz,Oliveira,beatriz.oliveira@example.com,(53) 97001-9033
Igor,Ferreira,igor.ferreira@example.com,(13) 94301-3694
Eduarda,Silva,eduarda.silva@example.com,(94) 99323-4563
Olivia,Oliveira,olivia.oliveira@example.com,(85) 97263-9277
Paula,Ribeiro,paula.ribeiro@example.com,(83) 91373-7210
Sofia,Lima,sofia.lima@example.com,(51) 94637-5035
Gabriel,Teixeira,gabriel.teixeira@example.com,(83) 92060-7255
Fernanda,Teixeira,fernanda.teixeira@example.com,(33) 97942-3430
Olivia,Teixeira,olivia.teixeira@example.com,(70) 93961-2920
Eduarda,Teixeira,eduarda.teixeira@example.com,(31) 90435-1136
Vitoria,Araujo,vitoria.araujo@example.com,(73) 94070-6520
Vitoria,Oliveira,vitoria.oliveira@example.com,(83) 94406-9615
Sofia,Almeida,sofia.almeida@example.com,(92) 97712-7299
Igor,Moraes,igor.moraes@example.com,(89) 91143-7164
Tiago,Costa2,tiago.costa@example.com,(15) 96110-8411
Mariana,Almeida,mariana.almeida@example.com,(89) 93119-4198
Fernanda,Silva,fernanda.silva@example.com,(89) 97504-6215
Olivia,Souza,olivia.souza@example.com,(68) 94953-2206
Vitoria,Mendes,vitoria.mendes@example.com,(47) 97070-8324
Lucas,Santana,lucas.santana@example.com,(34) 90771-5226
Tiago,Pereira,tiago.pereira@example.com,(55) 91025-9463
Paula,Monteiro,paula.monteiro@example.com,(85) 92280-9453
Lucas,Araujo,lucas.araujo@example.com,(38) 97426-6638
Paula,Silva,paula.silva@example.com,(37) 99823-4991
Paula,Lima,paula.lima@example.com,(90) 98145-4334
Diego,Monteiro,diego.monteiro@example.com,(71) 99095-1454
Tiago,Martins,tiago.martins@example.com,(14) 92083-6389
Paula,Ferreira,paula.ferreira@example.com,(99) 99193-9486
Rafael,Ribeiro,rafael.ribeiro@example.com,(39) 96800-9714
Lucas,Monteiro,lucas.monteiro@example.com,(19) 99959-1047
Joana,Teixeira,joana.teixeira@example.com,(35) 93833-3583
Helena,Moraes,helena.moraes@example.com,(20) 94738-1137
Nicolas,Almeida,nicolas.almeida@example.com,(81) 93703-7722
Rafael,Souza,rafael.souza@example.com,(18) 90269-6913
Paula,Martins,paula.martins@example.com,(35) 96947-5745
Mariana,Almeida,mariana.almeida@example.com,(31) 99510-9458
Tiago,Pereira,tiago.pereira@example.com,(35) 92626-6280
Diego,Ferreira,diego.ferreira@example.com,(52) 96330-8962
Beatriz,Almeida,beatriz.almeida@example.com,(51) 90421-6359
Vitoria,Rocha,vitoria.rocha@example.com,(35) 90371-9864
Olivia,Mendes,olivia.mendes@example.com,(48) 94967-7703
Diego,Moraes,diego.moraes@example.com,(97) 91905-8449
Tiago,Gomes,tiago.gomes@example.com,(13) 99203-3992
Lucas,Almeida,lucas.almeida@example.com,(29) 95758-5432
Xavier,Costa,xavier.costa@example.com,(53) 97143-2078
Olivia,Carvalho,olivia.carvalho@example.com,(62) 93181-6204
Carlos,Mendes,carlos.mendes@example.com,(19) 99080-2772
Fernanda,Mendes,fernanda.mendes@example.com,(50) 91416-5113
Diego,Santana,diego.santana@example.com,(74) 91062-7263
Xavier,Ferreira,xavier.ferreira@example.com,(78) 90127-4972
Igor,Souza,igor.souza@example.com,(84) 94309-3612
Carlos,Monteiro,carlos.monteiro@example.com,(92) 92339-9364
Ana,Pereira,ana.pereira@example.com,(14) 95886-6226
Vitoria,Lima,vitoria.lima@example.com,(62) 96506-4771
Igor,Pereira,igor.pereira@example.com,(63) 98059-7164
Lucas,Monteiro,lucas.monteiro@example.com,(48) 92489-1880
